sep=,
"Date","Open(Q.DJI)","High(Q.DJI)","Low(Q.DJI)","Last(Q.DJI)"
"31/12/2019","28,109.74","28,109.84","27,325.13","27,649.78"
"30/11/2019","27,142.95","28,174.97","27,142.95","28,051.41"
"31/10/2019","26,962.54","27,204.36","25,743.46","27,046.23"
"30/09/2019","26,198.26","27,306.73","25,978.22","26,916.83"
"31/08/2019","26,879.86","27,175.59","25,339.6","26,403.28"
"31/07/2019","26,805.86","27,398.68","26,616.21","26,864.27"
"30/06/2019","24,830.16","26,907.37","24,680.57","26,599.96"
"31/05/2019","26,639.06","26,689.39","24,809.51","24,815.04"
"30/04/2019","26,075.1","26,695.96","26,062.59","26,592.91"
"31/03/2019","26,019.67","26,155.98","25,208","25,928.68"
"28/02/2019","25,025.31","26,241.42","24,883.04","25,916"
"31/01/2019","23,058.61","25,109.62","22,638.41","24,999.67"
"31/12/2018","25,779.57","25,980.21","21,712.53","23,327.46"
"30/11/2018","25,142.08","26,277.82","24,268.74","25,538.46"
"31/10/2018","26,598.36","26,951.81","24,122.23","25,115.76"
"30/09/2018","25,916.07","26,769.16","25,754.32","26,458.31"
"31/08/2018","25,461.63","26,167.94","24,965.77","25,964.82"
"31/07/2018","24,161.53","25,587.24","24,077.56","25,415.19"
"30/06/2018","24,542.09","25,402.83","23,997.21","24,271.41"
"31/05/2018","24,117.29","25,086.49","23,531.31","24,415.84"
"30/04/2018","24,076.6","24,858.97","23,344.52","24,163.15"
"31/03/2018","25,024.04","25,449.15","23,509.06","24,103.11"
"28/02/2018","26,083.04","26,306.7","23,360.29","25,029.2"
"31/01/2018","24,809.35","26,616.71","24,741.7","26,149.39"
"31/12/2017","24,305.4","24,876.07","23,921.9","24,719.22"
"30/11/2017","23,442.9","24,327.82","23,242.75","24,272.35"
"31/10/2017","22,423.47","23,485.25","22,416","23,377.24"
"30/09/2017","21,981.77","22,419.51","21,709.63","22,405.09"
"31/08/2017","21,961.42","22,179.11","21,600.34","21,948.1"
"31/07/2017","21,392.3","21,929.8","21,279.3","21,891.12"
"30/06/2017","21,030.55","21,535.03","20,994.22","21,349.63"
"31/05/2017","20,962.73","21,112.32","20,553.45","21,008.65"
"30/04/2017","20,665.17","21,070.9","20,379.55","20,940.51"
"31/03/2017","20,957.29","21,169.11","20,412.8","20,663.22"
"28/02/2017","19,923.81","20,851.33","19,831.09","20,812.24"
"31/01/2017","19,872.86","20,125.58","19,677.94","19,864.09"
"31/12/2016","19,149.2","19,987.63","19,138.79","19,762.6"
"30/11/2016","18,158.24","19,225.29","17,883.56","19,123.58"
"31/10/2016","18,279.6","18,399.96","17,959.95","18,142.42"
"30/09/2016","18,396.57","18,551.54","17,992.21","18,308.15"
"31/08/2016","18,434.5","18,668.44","18,247.79","18,400.88"
"31/07/2016","17,924.24","18,622.01","17,713.45","18,432.24"
"30/06/2016","17,754.55","18,016","17,063.08","17,929.99"
"31/05/2016","17,783.78","17,934.61","17,331.07","17,787.2"
"30/04/2016","17,661.74","18,167.63","17,484.23","17,773.64"
"31/03/2016","16,545.67","17,790.11","16,545.67","17,685.09"
"29/02/2016","16,453.63","16,795.98","15,503.01","16,516.5"
"31/01/2016","17,405.48","17,405.48","15,450.56","16,466.3"
"31/12/2015","17,719.72","17,901.58","17,116.73","17,425.03"
"30/11/2015","17,672.62","17,977.85","17,210.43","17,719.92"
"31/10/2015","16,278.62","17,799.96","16,013.66","17,663.54"
"30/09/2015","16,528.03","16,933.43","15,942.37","16,284.7"
"31/08/2015","17,696.74","17,704.76","15,370.33","16,528.03"
"31/07/2015","17,638.12","18,137.12","17,399.17","17,689.86"
"30/06/2015","18,017.82","18,188.81","17,576.5","17,619.51"
"31/05/2015","17,859.27","18,351.36","17,733.12","18,010.68"
"30/04/2015","17,778.52","18,175.56","17,585.01","17,840.52"
"31/03/2015","18,134.05","18,288.63","17,579.27","17,776.12"
"28/02/2015","17,169.99","18,244.38","17,037.76","18,132.7"
"31/01/2015","17,823.07","17,951.78","17,136.3","17,164.95"
"31/12/2014","17,827.27","18,103.45","17,067.59","17,823.07"
"30/11/2014","17,390.9","17,894.83","17,278.36","17,828.24"
"31/10/2014","17,040.46","17,395.54","15,855.12","17,390.52"
"30/09/2014","17,097.42","17,350.64","16,934.43","17,042.9"
"31/08/2014","16,561.7","17,153.8","16,333.78","17,098.45"
"31/07/2014","16,828.53","17,151.56","16,563.3","16,563.3"
"30/06/2014","16,716.85","16,978.02","16,673.65","16,826.6"
"31/05/2014","16,580.26","16,735.51","16,341.3","16,717.17"
"30/04/2014","16,458.05","16,631.63","16,015.32","16,580.84"
"31/03/2014","16,321.71","16,505.7","16,046.99","16,457.66"
"28/02/2014","15,697.69","16,398.95","15,340.69","16,321.71"
"31/01/2014","16,572.17","16,573.07","15,617.55","15,698.85"
"31/12/2013","16,087.12","16,588.25","15,703.79","16,576.66"
"30/11/2013","15,558.01","16,174.51","15,522.18","16,086.41"
"31/10/2013","15,132.49","15,721","14,719.43","15,545.75"
"30/09/2013","14,801.55","15,709.58","14,777.48","15,129.67"
"31/08/2013","15,503.85","15,658.43","14,760.41","14,810.31"
"31/07/2013","14,911.6","15,634.32","14,858.93","15,499.54"
"30/06/2013","15,123.55","15,340.09","14,551.27","14,909.6"
"31/05/2013","14,839.8","15,542.4","14,687.05","15,115.57"
"30/04/2013","14,578.54","14,887.51","14,434.43","14,839.8"
"31/03/2013","14,054.49","14,585.1","13,937.6","14,578.54"
"28/02/2013","13,860.58","14,149.15","13,784.01","14,054.49"
"31/01/2013","13,104.3","13,969.99","13,104.3","13,860.58"
"31/12/2012","13,027.73","13,365.86","12,883.89","13,104.14"
"30/11/2012","13,099.19","13,290.75","12,471.49","13,025.58"
"31/10/2012","13,437.66","13,661.87","13,039.86","13,096.46"
"30/09/2012","13,092.15","13,653.24","12,977.09","13,437.13"
"31/08/2012","13,007.47","13,330.76","12,778.9","13,090.84"
"31/07/2012","12,879.71","13,128.64","12,492.25","13,008.68"
"30/06/2012","12,391.56","12,898.94","12,035.09","12,880.09"
"31/05/2012","13,214.16","13,338.66","12,311.56","12,393.45"
"30/04/2012","13,211.36","13,297.11","12,710.56","13,213.63"
"31/03/2012","12,952.29","13,289.08","12,734.86","13,212.04"
"29/02/2012","12,632.76","13,055.75","12,632.76","12,952.07"
"31/01/2012","12,221.19","12,841.95","12,221.19","12,632.91"
"31/12/2011","12,046.21","12,328.47","11,735.19","12,217.56"
"30/11/2011","11,951.53","12,187.51","11,231.56","12,045.68"
"31/10/2011","10,912.1","12,284.31","10,404.49","11,955.01"
"30/09/2011","11,613.3","11,716.84","10,597.14","10,913.38"
"31/08/2011","12,144.22","12,282.42","10,604.07","11,613.53"
"31/07/2011","12,412.07","12,753.89","12,083.45","12,143.24"
"30/06/2011","12,569.41","12,569.49","11,862.53","12,414.34"
"31/05/2011","12,810.16","12,876","12,309.52","12,569.79"
"30/04/2011","12,321.02","12,832.83","12,093.89","12,810.54"
"31/03/2011","12,226.49","12,383.46","11,555.48","12,319.73"
"28/02/2011","11,892.5","12,391.29","11,892.5","12,226.34"
"31/01/2011","11,577.43","12,020.52","11,573.87","11,891.93"
"31/12/2010","11,007.23","11,625","11,007.23","11,577.51"
"30/11/2010","11,120.3","11,451.53","10,929.28","11,006.02"
"31/10/2010","10,789.72","11,247.6","10,711.12","11,118.49"
"30/09/2010","10,016.01","10,948.88","10,016.01","10,788.05"
"31/08/2010","10,468.82","10,719.94","9,936.62","10,014.72"
"31/07/2010","9,773.27","10,584.99","9,614.32","10,465.94"
"30/06/2010","10,133.94","10,594.16","9,753.84","9,774.02"
"31/05/2010","11,009.6","11,177.67","9,774.48","10,136.63"
"30/04/2010","10,857.31","11,258.01","10,844.09","11,008.61"
"31/03/2010","10,326.1","10,955.48","10,326.1","10,856.63"
"28/02/2010","10,068.99","10,438.55","9,835.09","10,325.26"
"31/01/2010","10,430.69","10,729.89","10,043.75","10,067.33"
"31/12/2009","10,343.82","10,580.33","10,235.63","10,428.05"
"30/11/2009","9,712.13","10,495.61","9,678.95","10,344.84"
"31/10/2009","9,711.6","10,119.47","9,430.08","9,712.73"
"30/09/2009","9,492.32","9,917.99","9,252.93","9,712.28"
"31/08/2009","9,173.65","9,630.2","9,116.52","9,496.28"
"31/07/2009","8,447.53","9,246.43","8,087.19","9,171.61"
"30/06/2009","8,501.53","8,877.93","8,259.43","8,447"
"31/05/2009","8,167.41","8,591.93","8,099.31","8,500.33"
"30/04/2009","7,606.13","8,307.51","7,483.87","8,168.12"
"31/03/2009","7,056.48","7,931.33","6,469.95","7,608.92"
"28/02/2009","8,000.62","8,315.07","7,033.62","7,062.93"
"31/01/2009","8,772.25","9,088.06","7,909.03","8,000.86"
"31/12/2008","8,826.89","9,026.41","8,118.5","8,776.39"
"30/11/2008","9,326.04","9,653.95","7,449.38","8,829.04"
"31/10/2008","10,847.4","10,882.52","7,882.51","9,325.01"
"30/09/2008","11,545.63","11,790.17","10,365.45","10,850.66"
"31/08/2008","11,379.89","11,867.11","11,221.53","11,543.55"
"31/07/2008","11,344.64","11,698.17","10,827.71","11,378.02"
"30/06/2008","12,637.67","12,638.08","11,287.56","11,350.01"
"31/05/2008","12,818.34","13,136.69","12,442.59","12,638.32"
"30/04/2008","12,266.64","13,010","12,266.47","12,820.13"
"31/03/2008","12,264.36","12,622.07","11,731.6","12,262.89"
"29/02/2008","12,638.17","12,767.74","12,069.47","12,266.39"
"31/01/2008","13,261.82","13,279.54","11,634.82","12,650.36"
"31/12/2007","13,368.22","13,780.11","13,092","13,264.82"
"30/11/2007","13,924.16","13,924.16","12,724.09","13,371.72"
"31/10/2007","13,895.71","14,198.1","13,407.49","13,930.01"
"30/09/2007","13,358.39","13,924.81","13,021.93","13,895.63"
"31/08/2007","13,211.09","13,695.82","12,517.94","13,357.74"
"31/07/2007","13,409.6","14,021.95","13,199.79","13,211.99"
"30/06/2007","13,628.69","13,692","13,251.53","13,408.62"
"31/05/2007","13,062.75","13,673.07","13,041.3","13,627.64"
"30/04/2007","12,354.52","13,162.06","12,324.28","13,062.91"
"31/03/2007","12,265.59","12,511.05","11,939.61","12,354.35"
"28/02/2007","12,617.2","12,795.93","12,086.06","12,268.63"
"31/01/2007","12,459.54","12,657.02","12,337.37","12,621.69"
"31/12/2006","12,220.97","12,529.88","12,089.98","12,463.15"
"30/11/2006","12,080.25","12,361","11,965.31","12,221.93"
"31/10/2006","11,678.99","12,167.02","11,653.06","12,080.73"
"30/09/2006","11,382.75","11,741.99","11,323.84","11,679.07"
"31/08/2006","11,184.8","11,407.08","11,042.64","11,381.15"
"31/07/2006","11,149.34","11,257.08","10,683.32","11,185.68"
"30/06/2006","11,169.03","11,285.82","10,698.85","11,150.22"
"31/05/2006","11,367.78","11,670.19","11,030.47","11,168.31"
"30/04/2006","11,113","11,417.66","11,039.12","11,367.14"
"31/03/2006","10,993.25","11,334.96","10,922.73","11,109.32"
"28/02/2006","10,862.14","11,159.18","10,737.67","10,993.41"
"31/01/2006","10,718.3","11,047.76","10,661.15","10,864.86"
"31/12/2005","10,806.03","10,940.34","10,709.42","10,717.5"
"30/11/2005","10,437.51","10,959.79","10,388.76","10,805.87"
"31/10/2005","10,569.5","10,608.56","10,156.46","10,440.07"
"30/09/2005","10,481.44","10,701.81","10,350.96","10,568.7"
"31/08/2005","10,641.78","10,719.41","10,349.37","10,481.6"
"31/07/2005","10,273.59","10,717.73","10,175.4","10,640.91"
"30/06/2005","10,462.86","10,656.29","10,253.49","10,274.97"
"31/05/2005","10,192","10,560.81","10,075.55","10,467.48"
"30/04/2005","10,504.57","10,568.93","10,000.46","10,192.51"
"31/03/2005","10,769.04","10,984.46","10,396.24","10,503.76"
"28/02/2005","10,489.72","10,853.43","10,489.64","10,766.23"
"31/01/2005","10,783.75","10,867.39","10,368.61","10,489.94"
"31/12/2004","10,425.8","10,868.07","10,418.63","10,783.01"
"30/11/2004","10,028.73","10,602.85","10,010.15","10,428.02"
"31/10/2004","10,082.04","10,270.37","9,708.4","10,027.47"
"30/09/2004","10,170.12","10,363.36","9,977.92","10,080.27"
"31/08/2004","10,138.45","10,211.25","9,783.91","10,173.92"
"31/07/2004","10,434","10,448.09","9,913.92","10,139.71"
"30/06/2004","10,187.18","10,487.54","10,134.86","10,435.48"
"31/05/2004","10,227.27","10,386.32","9,852.19","10,188.45"
"30/04/2004","10,357.52","10,570.81","10,219.18","10,225.57"
"31/03/2004","10,582.25","10,695.55","10,007.49","10,357.7"
"29/02/2004","10,487.78","10,753.63","10,434.67","10,583.92"
"31/01/2004","10,452.74","10,705.18","10,367.41","10,488.07"
"31/12/2003","9,785.35","10,462.44","9,785.35","10,453.92"
"30/11/2003","9,802.46","9,903.57","9,585.5","9,782.46"
"31/10/2003","9,276.8","9,850.01","9,276.8","9,801.12"
"30/09/2003","9,416.67","9,686.08","9,230.47","9,275.06"
"31/08/2003","9,232.68","9,499.97","8,997.11","9,415.82"
"31/07/2003","8,983.66","9,361.4","8,871.2","9,233.8"
"30/06/2003","8,851.45","9,352.77","8,851.45","8,985.44"
"31/05/2003","8,478.48","8,868.33","8,340.23","8,850.26"
"30/04/2003","7,992.83","8,559.77","7,979.69","8,480.09"
"31/03/2003","7,890.24","8,522.18","7,416.64","7,992.13"
"28/02/2003","8,053.74","8,152.53","7,628.99","7,891.08"
"31/01/2003","8,342.38","8,869.29","7,917.16","8,053.81"
"31/12/2002","8,902.95","9,043.37","8,242.91","8,341.63"
"30/11/2002","8,395.64","8,950.33","8,298.68","8,896.09"
"31/10/2002","7,593.04","8,558.63","7,197.49","8,397.03"
"30/09/2002","8,659.27","8,726.9","7,460.78","7,591.93"
"31/08/2002","8,732.58","9,077.01","8,030.82","8,663.5"
"31/07/2002","9,239.25","9,410.38","7,532.66","8,736.59"
"30/06/2002","9,923.94","9,986.49","8,926.57","9,243.26"
"31/05/2002","9,944.9","10,353.43","9,802.23","9,925.25"
"30/04/2002","10,402.07","10,402.07","9,811.57","9,946.22"
"31/03/2002","10,111.04","10,673.1","10,111.04","10,403.94"
"28/02/2002","9,923.04","10,255.24","9,580.32","10,106.13"
"31/01/2002","10,021.71","10,300.15","9,529.46","9,920"
"31/12/2001","9,848.93","10,184.45","9,703.9","10,021.5"
"30/11/2001","9,087.45","9,992.79","9,014.46","9,851.56"
"31/10/2001","8,845.97","9,598.17","8,732.14","9,075.14"
"30/09/2001","9,946.98","10,182.38","8,062.34","8,847.56"
"31/08/2001","10,527.38","10,609.65","9,869.14","9,949.75"
"31/07/2001","10,504.95","10,679.12","10,120.89","10,522.81"
"30/06/2001","10,913.57","11,196.53","10,394.72","10,502.4"
"31/05/2001","10,734.05","11,350.05","10,673.22","10,911.94"
"30/04/2001","9,877.16","10,906.41","9,375.72","10,734.97"
"31/03/2001","10,493.25","10,859.5","9,106.54","9,878.78"
"28/02/2001","10,884.82","11,035.14","10,294.01","10,495.28"
"31/01/2001","10,790.92","11,028","10,468.04","10,887.36"
"31/12/2000","10,416.76","10,917.68","10,299.21","10,786.85"
"30/11/2000","10,966.21","11,006.5","10,292.39","10,414.49"
"31/10/2000","10,659.06","10,995.41","9,654.64","10,971.14"
"30/09/2000","11,219.54","11,401.19","10,567.32","10,650.92"
"31/08/2000","10,523.81","11,319.06","10,516.76","11,215.1"
"31/07/2000","10,450.36","10,874.63","10,393.09","10,521.98"
"30/06/2000","10,532.27","10,863","10,335.46","10,447.9"
"31/05/2000","10,749.42","10,971.24","10,258.81","10,522.34"
"30/04/2000","10,863.28","11,425.45","10,201.53","10,733.92"
"31/03/2000","10,128.11","11,234.65","9,731.81","10,921.93"
"29/02/2000","10,937.74","11,118.93","9,836.06","10,128.31"
"31/01/2000","11,501.85","11,750.28","10,701.64","10,940.54"
"31/12/1999","10,876.47","11,568.77","10,859.65","11,497.12"
"30/11/1999","10,730.79","11,112.77","10,536.27","10,877.81"
"31/10/1999","10,335.69","10,790.02","9,976.02","10,729.87"
"30/09/1999","10,828.44","11,142.41","10,081.13","10,336.96"
"31/08/1999","10,654.83","11,365.93","10,549.08","10,829.28"
"31/07/1999","10,966.05","11,252.27","10,647.86","10,655.15"
"30/06/1999","10,561.01","11,003.41","10,409.14","10,970.81"
"31/05/1999","10,789.04","11,130.67","10,434.26","10,559.75"
"30/04/1999","9,786.44","10,961.71","9,765.63","10,789.04"
"31/03/1999","9,307.39","10,085.31","9,211.23","9,786.16"
"28/02/1999","9,359.6","9,611.33","9,099.04","9,306.57"
"31/01/1999","9,184.01","9,647.96","9,063.26","9,358.82"
"31/12/1998","9,116.55","9,334.88","8,676.03","9,181.43"
"30/11/1998","8,595.7","9,380.2","8,595.7","9,116.55"
"31/10/1998","7,841.33","8,659.81","7,467.49","8,592.11"
"30/09/1998","7,545.76","8,182.47","7,400.3","7,842.62"
"31/08/1998","8,883.29","8,886.12","7,539.06","7,539.06"
"31/07/1998","8,958.99","9,367.84","8,816.09","8,883.29"
"30/06/1998","8,900.95","9,104.72","8,569.88","8,952.01"
"31/05/1998","9,066.61","9,261.91","8,788.1","8,899.95"
"30/04/1998","8,801.56","9,213.33","8,748.74","9,063.36"
"31/03/1998","8,544.47","8,959.24","8,405.72","8,799.8"
"28/02/1998","7,909.99","8,566.89","7,909.99","8,545.71"
"31/01/1998","7,910.49","8,035.54","7,443.41","7,906.5"
"31/12/1997","7,825.12","8,166.29","7,576.93","7,908.24"
"30/11/1997","7,443.07","7,881.07","7,349.99","7,823.12"
"31/10/1997","7,992.17","8,184.7","6,971.32","7,442.08"
"30/09/1997","7,667.25","8,035.63","7,580.85","7,945.25"
"31/08/1997","8,213.78","8,299.49","7,606.86","7,622.42"
"31/07/1997","7,692.47","8,282.77","7,667.36","8,222.61"
"30/06/1997","7,351.65","7,834.06","7,253.78","7,672.79"
"31/05/1997","6,980.09","7,394.95","6,913.06","7,331.04"
"30/04/1997","6,562.33","7,057.55","6,356.37","7,008.99"
"31/03/1997","6,836.56","7,112.1","6,561.2","6,583.47"
"28/02/1997","6,813.86","7,073.62","6,710.72","6,877.73"
"31/01/1997","6,461.73","6,906.22","6,352.82","6,813.08"
"31/12/1996","6,501.58","6,587.05","6,236.05","6,448.26"
"30/11/1996","6,036.46","6,589.53","5,998.82","6,521.7"
"31/10/1996","5,878.81","6,134.11","5,861.67","6,029.38"
"30/09/1996","5,581.07","5,929.88","5,561.46","5,882.16"
"31/08/1996","5,534.09","5,739.02","5,524.1","5,616.2"
"31/07/1996","5,670.14","5,733.31","5,182.32","5,528.91"
"30/06/1996","5,627.29","5,742.54","5,580.38","5,654.62"
"31/05/1996","5,554.26","5,796.1","5,342.19","5,643.17"
"30/04/1996","5,609.9","5,697.69","5,415.53","5,569.07"
"31/03/1996","5,524.64","5,709.97","5,424.2","5,587.14"
"29/02/1996","5,387.35","5,659.4","5,348.34","5,485.62"
"31/01/1996","5,107","5,408.67","5,000.79","5,395.3"
"31/12/1995","5,074.13","5,235.62","5,031.5","5,117.12"
"30/11/1995","4,749.34","5,118.93","4,744.64","5,074.49"
"31/10/1995","4,786.55","4,816.9","4,659.74","4,755.48"
"30/09/1995","4,610.2","4,816.54","4,607.03","4,789.08"
"31/08/1995","4,711.28","4,754.96","4,570.85","4,610.56"
"31/07/1995","4,552.98","4,747.21","4,551.25","4,708.47"
"30/06/1995","4,457.19","4,593.1","4,406.69","4,556.09"
"31/05/1995","4,316.43","4,465.14","4,301.56","4,465.14"
"30/04/1995","4,159.42","4,328.53","4,155.96","4,321.27"
"31/03/1995","3,992.03","4,198.84","3,945.69","4,157.69"
"28/02/1995","3,850.25","4,021.23","3,831.41","4,011.05"
"31/01/1995","3,831.41","3,936.72","3,817.26","3,843.86"
"31/12/1994","3,733.51","3,866.4","3,655.11","3,834.44"
"30/11/1994","3,892.98","3,907.78","3,638.83","3,739.22"
"31/10/1994","3,850.59","3,949.84","3,747.97","3,908.12"
"30/09/1994","3,899.5","3,953.88","3,820.21","3,843.18"
"31/08/1994","3,767.09","3,939.32","3,736.33","3,913.42"
"31/07/1994","3,654.42","3,770","3,623.02","3,764.5"
"30/06/1994","3,753.14","3,823.39","3,610.4","3,624.96"
"31/05/1994","3,683.77","3,772.79","3,623.1","3,758.37"
"30/04/1994","3,552.18","3,710.84","3,552.18","3,681.69"
"31/03/1994","3,828.93","3,895.94","3,559.09","3,635.96"
"28/02/1994","3,976.67","3,982.02","3,826.39","3,832.02"
"31/01/1994","3,751.57","3,985.96","3,742.81","3,978.36"
"31/12/1993","3,707.7","3,799.92","3,685.06","3,754.09"
"30/11/1993","3,673.33","3,717.76","3,600.67","3,683.95"
"31/10/1993","3,557.36","3,708.82","3,553.72","3,680.59"
"30/09/1993","3,642.31","3,655.72","3,507.06","3,555.12"
"31/08/1993","3,542.55","3,663.83","3,536.96","3,651.25"
"31/07/1993","3,520.51","3,583.9","3,449.93","3,539.47"
"30/06/1993","3,534.07","3,569.78","3,462.66","3,516.08"
"31/05/1993","3,435.65","3,565.07","3,415.33","3,527.43"
"30/04/1993","3,444.57","3,481.58","3,363.79","3,427.55"
"31/03/1993","3,380.81","3,482.12","3,343.26","3,435.11"
"28/02/1993","3,315.16","3,456.73","3,266.8","3,370.81"
"31/01/1993","3,312.46","3,320.83","3,231.95","3,310.03"
"31/12/1992","3,299.22","3,352.71","3,248.16","3,301.11"
"30/11/1992","3,224.12","3,308.41","3,184.67","3,305.16"
"31/10/1992","3,279.23","3,280.85","3,095.79","3,226.28"
"30/09/1992","3,254.64","3,376.49","3,233.84","3,271.66"
"31/08/1992","3,385.4","3,399.99","3,207.1","3,257.35"
"31/07/1992","3,323.87","3,402.96","3,266.53","3,393.78"
"30/06/1992","3,388.58","3,422.28","3,254.05","3,318.52"
"31/05/1992","3,355.99","3,420.21","3,324.02","3,396.88"
"30/04/1992","3,220.04","3,366.5","3,161.23","3,359.12"
"31/03/1992","3,270.8","3,299.64","3,188.28","3,235.47"
"29/02/1992","3,219.81","3,293.38","3,207.96","3,267.67"
"31/01/1992","3,152.06","3,299.19","3,139.31","3,223.39"
"31/12/1991","2,893.11","3,188.05","2,839.44","3,168.83"
"30/11/1991","3,068.64","3,082.06","2,868.96","2,894.68"
"31/10/1991","3,017.66","3,077.37","2,938.28","3,069.1"
"30/09/1991","3,043.82","3,060.82","2,972.71","3,016.77"
"31/08/1991","3,024.37","3,057.91","2,859.57","3,043.6"
"31/07/1991","2,906.75","3,029.96","2,906.75","3,024.82"
"30/06/1991","3,027.5","3,036","2,883.72","2,906.75"
"31/05/1991","2,887.87","3,027.5","2,840.34","3,027.5"
"30/04/1991","2,913.86","3,017.57","2,854.95","2,887.87"
"31/03/1991","2,882.18","3,002.72","2,843.56","2,913.86"
"28/02/1991","2,737.38","2,939.85","2,706.44","2,882.18"
"31/01/1991","2,633.66","2,736.39","2,457.67","2,736.39"
"31/12/1990","2,559.65","2,648.51","2,539.11","2,633.66"
"30/11/1990","2,442.08","2,572.77","2,421.29","2,559.65"
"31/10/1990","2,452.23","2,550.25","2,354.21","2,442.33"
"30/09/1990","2,614.36","2,653.96","2,379.7","2,452.48"
"31/08/1990","2,905.45","2,920.54","2,478.71","2,614.36"
"31/07/1990","2,880.69","3,010.64","2,852.72","2,905.2"
"30/06/1990","2,878.4","2,948.54","2,832.18","2,880.69"
"31/05/1990","2,656.76","2,894.92","2,656.76","2,876.66"
"30/04/1990","2,706.76","2,782.88","2,634.01","2,656.76"
"31/03/1990","2,627.7","2,768.24","2,618.47","2,707.21"
"28/02/1990","2,590.32","2,664.86","2,548.42","2,627.25"
"31/01/1990","2,753.41","2,822.95","2,519.14","2,590.54"
"31/12/1989","2,706.27","2,772.4","2,666.38","2,753.2"
"30/11/1989","2,645.08","2,711.18","2,569.67","2,706.27"
"31/10/1989","2,692.63","2,795.97","2,504.92","2,645.08"
"30/09/1989","2,737.27","2,760.26","2,651.22","2,692.82"
"31/08/1989","2,660.66","2,748.1","2,626.52","2,737.27"
"31/07/1989","2,440.06","2,660.66","2,436.84","2,660.66"
"30/06/1989","2,479.78","2,535.28","2,418.82","2,440.06"
"31/05/1989","2,418.44","2,515.4","2,359.97","2,480.15"
"30/04/1989","2,296.19","2,425.95","2,285.56","2,418.8"
"31/03/1989","2,258.39","2,347.14","2,237.32","2,293.62"
"28/02/1989","2,344.82","2,360.36","2,238.21","2,258.39"
"31/01/1989","2,168.39","2,344.82","2,131.79","2,342.32"
"31/12/1988","2,114.33","2,188.04","2,084.28","2,168.57"
"30/11/1988","2,148.65","2,178.7","2,028.98","2,114.51"
"31/10/1988","2,112.73","2,185.81","2,086.42","2,148.65"
"30/09/1988","2,031.65","2,136.02","1,996.98","2,112.91"
"31/08/1988","2,128.73","2,145.45","1,984.71","2,031.65"
"31/07/1988","2,141.71","2,165.01","2,052.63","2,128.73"
"30/06/1988","2,030.76","2,162.52","2,027.2","2,141.71"
"31/05/1988","2,032.16","2,065.82","1,925.56","2,031.12"
"30/04/1988","1,987.73","2,115.22","1,972.48","2,032.33"
"31/03/1988","2,070.29","2,100.46","1,960.05","1,988.06"
"29/02/1988","1,958.39","2,073.28","1,886.27","2,071.62"
"31/01/1988","1,938.83","2,066.15","1,850.96","1,958.22"
"31/12/1987","1,834.38","2,010.11","1,745.19","1,938.83"
"30/11/1987","1,994.2","2,016.08","1,799.73","1,833.55"
"31/10/1987","2,596.12","2,651.76","1,616.21","1,993.53"
"30/09/1987","2,662.95","2,688.78","2,476.01","2,596.28"
"31/08/1987","2,571.91","2,736.61","2,532.05","2,662.95"
"31/07/1987","2,418.37","2,574.94","2,404.18","2,572.07"
"30/06/1987","2,291.41","2,457.11","2,266.38","2,418.53"
"31/05/1987","2,285.37","2,369.95","2,197.99","2,291.57"
"30/04/1987","2,304.69","2,422.16","2,193.32","2,286.36"
"31/03/1987","2,223.57","2,387.36","2,215.27","2,304.69"
"28/02/1987","2,157.2","2,256.61","2,141.59","2,223.99"
"31/01/1987","1,895.11","2,210.07","1,894.97","2,158.04"
"31/12/1986","1,914.23","1,961.47","1,887","1,895.95"
"30/11/1986","1,877.81","1,918.59","1,807.23","1,914.23"
"31/10/1986","1,767.44","1,884.14","1,765.75","1,877.81"
"30/09/1986","1,898.35","1,927.02","1,737.2","1,767.58"
"31/08/1986","1,775.45","1,912.26","1,737.77","1,898.34"
"31/07/1986","1,892.86","1,913.39","1,752.81","1,775.31"
"30/06/1986","1,876.21","1,903.54","1,823.47","1,892.72"
"31/05/1986","1,783.73","1,895.2","1,751.86","1,876.71"
"30/04/1986","1,818.37","1,861.91","1,718.15","1,783.98"
"31/03/1986","1,708.49","1,841.24","1,671.98","1,818.61"
"28/02/1986","1,571.1","1,720.53","1,568.81","1,709.06"
"31/01/1986","1,546.67","1,577.29","1,497.71","1,570.99"
"31/12/1985","1,472.25","1,563.76","1,453.44","1,546.67"
"30/11/1985","1,374.08","1,483.03","1,372.13","1,472.13"
"31/10/1985","1,327.61","1,378.14","1,319.89","1,374.31"
"30/09/1985","1,334.01","1,341.4","1,289.31","1,328.63"
"31/08/1985","1,348.9","1,356.52","1,306","1,334.01"
"31/07/1985","1,335.34","1,367.61","1,320.45","1,347.45"
"30/06/1985","1,315.19","1,336.13","1,288.42","1,335.46"
"31/05/1985","1,257.95","1,316.87","1,240.72","1,315.41"
"30/04/1985","1,267.01","1,287.1","1,250.11","1,258.06"
"31/03/1985","1,284.01","1,305.87","1,246.8","1,266.78"
"28/02/1985","1,285.56","1,303.11","1,268.88","1,284.01"
"31/01/1985","1,210.14","1,300.02","1,180.99","1,286.77"
"31/12/1984","1,189.16","1,220.19","1,157.46","1,211.57"
"30/11/1984","1,207.71","1,244.15","1,184.19","1,188.94"
"31/10/1984","1,206.71","1,237.96","1,161.44","1,207.38"
"30/09/1984","1,224.27","1,244.15","1,195.01","1,206.71"
"31/08/1984","1,115.72","1,248.01","1,115.39","1,224.38"
"31/07/1984","1,132.18","1,136.15","1,082.16","1,115.28"
"30/06/1984","1,105.17","1,140.24","1,082.05","1,132.4"
"31/05/1984","1,170.96","1,188.23","1,086.85","1,104.85"
"30/04/1984","1,165.2","1,177.76","1,120.39","1,170.75"
"31/03/1984","1,154.31","1,191.48","1,136.1","1,164.89"
"29/02/1984","1,220.79","1,223.2","1,117.88","1,154.63"
"31/01/1984","1,257.72","1,291.87","1,215.45","1,220.58"
"31/12/1983","1,275.81","1,279.37","1,236.38","1,258.64"
"30/11/1983","1,225.41","1,291.67","1,213.21","1,276.02"
"31/10/1983","1,232.42","1,284.65","1,219.82","1,225.2"
"30/09/1983","1,215.75","1,264.74","1,205.28","1,233.13"
"31/08/1983","1,199.82","1,216.16","1,156.45","1,216.16"
"31/07/1983","1,221.35","1,252.9","1,183.79","1,199.22"
"30/06/1983","1,200.08","1,251.2","1,180.89","1,221.96"
"31/05/1983","1,226.01","1,240.52","1,176.86","1,199.98"
"30/04/1983","1,129.84","1,228.04","1,104.68","1,226.2"
"31/03/1983","1,113.09","1,152.09","1,108.55","1,130.03"
"28/02/1983","1,076.88","1,130.51","1,051.78","1,112.62"
"31/01/1983","1,048.92","1,100.07","1,020.23","1,075.7"
"31/12/1982","1,043.22","1,074.32","988.59","1,046.54"
"30/11/1982","990.8","1,072.01","983.71","1,039.28"
"31/10/1982","896.25","1,046.08","892.02","991.72"
"30/09/1982","901.31","951.16","888.7","896.25"
"31/08/1982","808.59","910.95","769.98","901.31"
"31/07/1982","811.94","843.8","787.39","808.6"
"30/06/1982","819.55","824.3","784.25","811.93"
"31/05/1982","848.36","876.52","815.55","819.54"
"30/04/1982","822.77","871.19","820.48","848.36"
"31/03/1982","824.39","840.66","786.16","822.77"
"28/02/1982","866.34","866.34","802.23","824.39"
"31/01/1982","875","887.38","832.56","871.1"
"31/12/1981","888.98","898.5","862.81","875"
"30/11/1981","855.97","892.8","834.57","888.98"
"31/10/1981","849.98","885.84","823.63","852.55"
"30/09/1981","881.47","892.41","807.45","849.98"
"31/08/1981","952.34","961.47","879.09","881.47"
"31/07/1981","976.88","978.98","918.66","952.34"
"30/06/1981","991.75","1,023.02","972.7","976.88"
"31/05/1981","997.75","1,005.22","956.69","991.75"
"30/04/1981","1,003.87","1,030.98","981.81","997.75"
"31/03/1981","974.58","1,021.81","955.7","1,003.87"
"28/02/1981","947.09","980.88","923.89","974.58"
"31/01/1981","963.98","1,013.14","930.89","947.27"
"31/12/1980","991.13","991.13","895.45","963.99"
"30/11/1980","924.48","1,009.39","924.48","993.34"
"31/10/1980","932.42","987.3","911.59","924.49"
"30/09/1980","932.59","980.72","918","932.42"
"31/08/1980","935.31","972.34","918.52","932.59"
"31/07/1980","867.92","946.94","862.63","935.32"
"30/06/1980","850.84","896.33","840.7","867.92"
"31/05/1980","817.06","866.13","795.81","850.85"
"30/04/1980","785.75","818.52","751.37","817.06"
"31/03/1980","863.14","868.69","729.95","785.75"
"29/02/1980","875.84","918.17","847.27","863.14"
"31/01/1980","838.74","897.88","809.05","875.85"
"31/12/1979","822.35","851.54","814.76","838.74"
"30/11/1979","815.7","838.57","792.24","822.35"
"31/10/1979","877.73","904.86","795.99","815.7"
"30/09/1979","883.7","902.13","857.85","878.58"
"31/08/1979","846.42","893.6","839.08","887.63"
"31/07/1979","840.61","857","818","846.42"
"30/06/1979","822.33","853.86","817.74","841.98"
"31/05/1979","854.9","863.22","815.14","822.33"
"30/04/1979","859.93","884.62","847.28","854.9"
"31/03/1979","808.82","876.99","807.26","862.18"
"28/02/1979","839.22","843.99","802.23","808.82"
"31/01/1979","805.96","865.04","798.51","839.22"
"31/12/1978","801.98","829.87","781.01","805.01"
"30/11/1978","805.53","831.69","779.11","799.03"
"31/10/1978","865.82","909.39","782.05","792.45"
"30/09/1978","876.82","917.27","850.92","865.82"
"31/08/1978","862.27","911.21","855.34","876.82"
"31/07/1978","818.95","866.34","800.94","862.27"
"30/06/1978","840.61","879.33","807.95","818.95"
"31/05/1978","837.32","865.64","813.84","840.61"
"30/04/1978","756.67","846.15","747.05","837.32"
"31/03/1978","742.12","777.81","736.75","757.36"
"28/02/1978","769.92","787.42","739.17","742.12"
"31/01/1978","830.39","835.15","759.44","769.92"
"31/12/1977","829.7","835.15","800.42","831.17"
"30/11/1977","816.01","850.05","794.53","829.7"
"31/10/1977","847.11","855.77","792.79","818.35"
"30/09/1977","861.49","879.76","830.3","847.11"
"31/08/1977","890.07","900.03","844.42","861.49"
"31/07/1977","916.3","927.84","878.81","890.07"
"30/06/1977","898.66","934.36","896.46","916.3"
"31/05/1977","926.9","949.46","892.55","898.66"
"30/04/1977","919.55","956.07","909.74","926.9"
"31/03/1977","936.42","971.58","914.15","919.13"
"28/02/1977","954.37","963.76","926.03","936.42"
"31/01/1977","1,004.65","1,007.81","944.9","954.37"
"31/12/1976","949.38","1,004.65","946.64","1,004.65"
"30/11/1976","966.09","966.09","924.04","947.22"
"31/10/1976","979.89","979.89","932.35","964.93"
"30/09/1976","985.95","1,014.79","978.64","990.19"
"31/08/1976","982.26","999.34","960.44","973.74"
"31/07/1976","994.84","1,011.21","979.29","984.64"
"30/06/1976","973.13","1,007.45","958.09","1,002.78"
"31/05/1976","990.32","1,007.48","965.57","975.23"
"30/04/1976","994.1","1,011.02","968.28","996.85"
"31/03/1976","975.36","1,009.21","970.64","999.45"
"29/02/1976","971.35","994.57","950.57","972.61"
"31/01/1976","858.71","975.28","858.71","975.28"
"31/12/1975","856.34","859.81","818.8","852.41"
"30/11/1975","825.72","860.67","825.72","860.67"
"31/10/1975","784.16","855.16","784.16","836.04"
"30/09/1975","823.69","840.11","793.88","793.88"
"31/08/1975","826.5","835.34","791.69","835.34"
"31/07/1975","877.42","881.81","824.86","831.51"
"30/06/1975","846.61","878.99","819.31","878.99"
"31/05/1975","830.96","858.73","815","832.29"
"30/04/1975","761.58","821.34","742.88","821.34"
"31/03/1975","753.13","786.53","743.43","768.15"
"28/02/1975","711.44","749.77","707.6","739.05"
"31/01/1975","632.04","705.96","632.04","703.69"
"31/12/1974","603.02","616.24","577.6","616.24"
"30/11/1974","665.28","674.75","608.57","618.66"
"31/10/1974","604.82","673.5","584.56","665.52"
"30/09/1974","663.33","677.88","607.87","607.87"
"31/08/1974","751.1","797.56","656.84","678.58"
"31/07/1974","806.24","806.24","757.43","757.43"
"30/06/1974","821.26","859.67","802.41","802.41"
"31/05/1974","853.88","865.77","795.37","802.17"
"30/04/1974","843.48","869.92","827.68","836.75"
"31/03/1974","851.92","891.66","846.68","846.68"
"28/02/1974","843.94","863.42","803.9","860.53"
"31/01/1974","855.32","880.69","823.11","855.55"
"31/12/1973","806.52","851.14","788.31","850.86"
"30/11/1973","948.83","948.83","817.73","822.25"
"31/10/1973","948.83","987.06","948.83","956.58"
"30/09/1973","895.39","953.27","880.57","947.1"
"31/08/1973","912.18","912.78","851.9","887.57"
"31/07/1973","880.57","936.71","870.11","926.4"
"30/06/1973","893.96","927","869.13","891.71"
"31/05/1973","921.21","956.58","886.51","901.41"
"30/04/1973","936.18","967.41","921.43","921.43"
"31/03/1973","949.65","979.98","922.71","951.01"
"28/02/1973","985.78","996.76","947.92","955.07"
"31/01/1973","1,031.68","1,051.7","992.93","999.02"
"31/12/1972","1,023.93","1,036.27","1,000","1,020.02"
"30/11/1972","968.54","1,025.21","968.54","1,018.21"
"31/10/1972","953.27","955.52","921.66","955.52"
"30/09/1972","970.05","970.05","935.73","953.27"
"31/08/1972","930.46","973.51","930.46","963.73"
"31/07/1972","928.66","942.13","910.45","924.74"
"30/06/1972","960.72","961.39","926.25","929.03"
"31/05/1972","942.28","971.25","925.12","960.72"
"30/04/1972","940.92","968.92","940.92","954.17"
"31/03/1972","935.43","950.18","928.66","940.7"
"29/02/1972","901.79","928.13","901.79","928.13"
"31/01/1972","889.3","917.22","889.15","902.17"
"31/12/1971","846.01","893.66","846.01","890.2"
"30/11/1971","825.86","843.17","797.97","831.34"
"31/10/1971","893.98","901.8","836.38","839"
"30/09/1971","899.02","920.93","883.47","887.19"
"31/08/1971","864.92","908.37","839.59","898.07"
"31/07/1971","893.03","903.4","858.43","858.43"
"30/06/1971","913.65","923.06","873.1","891.14"
"31/05/1971","932.41","939.92","905.78","907.81"
"30/04/1971","903.88","950.82","903.04","941.75"
"31/03/1971","882.53","916.83","882.39","904.37"
"28/02/1971","877.81","890.06","868.98","878.83"
"31/01/1971","830.57","868.5","830.57","868.5"
"31/12/1970","794.29","842","794.29","838.92"
"30/11/1970","758.01","794.09","754.24","794.09"
"31/10/1970","760.68","783.68","753.56","755.61"
"30/09/1970","758.15","773.14","747.47","760.68"
"31/08/1970","722.96","765.81","707.35","764.58"
"31/07/1970","687.64","735.56","669.36","734.12"
"30/06/1970","710.36","720.43","682.91","683.53"
"31/05/1970","733.63","733.63","631.16","700.44"
"30/04/1970","792.04","792.5","724.33","736.07"
"31/03/1970","780.23","791.05","763.6","785.57"
"28/02/1970","746.44","777.59","746.44","777.59"
"31/01/1970","809.2","811.31","744.06","744.06"
"31/12/1969","805.04","805.04","769.93","800.36"
"30/11/1969","854.54","863.05","807.29","812.3"
"31/10/1969","806.89","862.26","802.2","855.99"
"30/09/1969","837.78","837.78","811.84","813.09"
"31/08/1969","826.59","837.25","809.13","836.72"
"31/07/1969","875.9","886.12","801.96","815.47"
"30/06/1969","933.17","933.17","869.76","873.19"
"31/05/1969","949.22","968.85","936.92","937.56"
"30/04/1969","933.08","950.18","917.51","950.18"
"31/03/1969","908.63","935.48","904.03","935.48"
"28/02/1969","946.85","952.7","899.8","905.21"
"31/01/1969","947.73","951.89","921.25","946.05"
"31/12/1968","983.34","985.21","943.75","943.75"
"30/11/1968","948.41","985.08","946.23","985.08"
"31/10/1968","942.32","967.49","942.32","952.39"
"30/09/1968","900.36","938.28","900.36","935.79"
"31/08/1968","878.07","896.13","869.65","896.01"
"31/07/1968","896.35","923.72","883","883"
"30/06/1968","905.38","917.95","897.8","897.8"
"31/05/1968","913.2","919.9","891.6","899"
"30/04/1968","861.25","912.22","861.25","912.22"
"31/03/1968","840.44","843.22","825.13","840.67"
"29/02/1968","861.36","863.56","831.77","840.5"
"31/01/1968","906.84","908.92","855.47","855.47"
"31/12/1967","879.16","905.11","879.16","905.11"
"30/11/1967","867.08","884.88","849.57","875.81"
"31/10/1967","921","933.31","879.74","879.74"
"30/09/1967","901.18","943.08","901.18","926.66"
"31/08/1967","912.97","926.72","893.72","901.29"
"31/07/1967","859.69","909.56","859.69","904.24"
"30/06/1967","864.98","886.15","847.77","860.26"
"31/05/1967","892.93","909.63","852.56","852.56"
"30/04/1967","859.97","897.05","842.43","897.05"
"31/03/1967","843.49","876.67","841.76","865.98"
"28/02/1967","848.39","860.97","836.64","839.37"
"31/01/1967","786.41","849.89","786.41","849.89"
"31/12/1966","789.75","820.54","785.69","785.69"
"30/11/1966","809.63","820.87","791.59","791.59"
"31/10/1966","757.96","809.57","744.32","807.07"
"30/09/1966","792.09","814.3","772.66","774.22"
"31/08/1966","835.18","852.39","767.03","788.41"
"31/07/1966","877.06","894.04","847.38","847.38"
"30/06/1966","883.63","903.17","870.1","870.1"
"31/05/1966","931.95","931.95","864.14","884.07"
"30/04/1966","931.29","954.73","931.29","933.68"
"31/03/1966","938.19","938.19","911.08","924.77"
"28/02/1966","975.89","995.15","950.66","951.89"
"31/01/1966","968.54","994.2","968.54","983.51"
"31/12/1965","947.6","969.26","939.53","969.26"
"30/11/1965","958.96","961.85","946.38","946.71"
"31/10/1965","929.65","960.82","929.65","960.82"
"30/09/1965","893.6","937.88","893.6","930.58"
"31/08/1965","881.85","896.18","878.89","893.1"
"31/07/1965","871.59","883.23","861.77","881.74"
"30/06/1965","908.53","908.53","840.59","868.03"
"31/05/1965","922.11","939.62","913.22","918.04"
"30/04/1965","890.33","922.31","890.33","922.31"
"31/03/1965","899.76","901.91","887.82","889.05"
"28/02/1965","903.68","906.3","881.35","903.48"
"31/01/1965","869.78","902.86","869.78","902.86"
"31/12/1964","864.43","874.13","857.45","874.13"
"30/11/1964","875.51","891.71","870.64","875.43"
"31/10/1964","872","881.5","868.44","873.08"
"30/09/1964","844","875.74","844","875.37"
"31/08/1964","840.35","842.83","823.4","838.48"
"31/07/1964","838.06","851.35","837.35","841.1"
"30/06/1964","818.56","831.5","800.31","831.5"
"31/05/1964","817.1","830.17","817.1","820.56"
"30/04/1964","816.08","827.33","810.77","810.77"
"31/03/1964","802.75","820.25","802.75","813.29"
"29/02/1964","784.72","800.14","783.04","800.14"
"31/01/1964","766.08","787.78","766.08","785.34"
"31/12/1963","751.91","767.21","751.82","762.95"
"30/11/1963","753.73","753.77","711.49","750.52"
"31/10/1963","738.33","760.5","737.94","755.23"
"30/09/1963","732.02","745.96","732.02","732.79"
"31/08/1963","694.87","729.32","694.87","729.32"
"31/07/1963","701.35","716.45","687.71","695.43"
"30/06/1963","726.27","726.87","706.03","706.88"
"31/05/1963","719.67","726.96","712.55","726.96"
"30/04/1963","685.86","718.33","684.27","717.7"
"31/03/1963","659.72","684.73","659.72","682.52"
"28/02/1963","683.19","688.96","662.94","662.94"
"31/01/1963","646.79","683.73","646.79","682.85"
"31/12/1962","646.41","653.99","640.14","652.1"
"30/11/1962","597.13","652.61","597.13","649.3"
"31/10/1962","571.95","589.77","558.06","589.77"
"30/09/1962","602.45","607.63","574.12","578.98"
"31/08/1962","591.36","616","588.35","609.18"
"31/07/1962","573.75","597.93","571.24","597.93"
"30/06/1962","611.05","611.05","535.76","561.28"
"31/05/1962","671.24","675.49","576.93","613.36"
"30/04/1962","705.42","705.42","665.33","665.33"
"31/03/1962","711.81","723.54","706.63","706.95"
"28/02/1962","702.54","717.55","702.54","708.05"
"31/01/1962","724.71","726.01","689.92","700"
"31/12/1961","728.8","734.91","720.1","731.14"
"30/11/1961","703.84","734.34","703.84","721.6"
"31/10/1961","699.83","708.49","697.24","703.92"
"30/09/1961","721.19","726.53","691.86","701.21"
"31/08/1961","713.94","725.76","710.46","719.94"
"31/07/1961","689.81","705.37","679.3","705.37"
"30/06/1961","695.37","703.79","680.68","683.96"
"31/05/1961","677.05","705.96","677.05","696.72"
"30/04/1961","677.59","696.72","672.66","678.71"
"31/03/1961","663.03","679.38","661.08","676.63"
"28/02/1961","649.39","662.08","637.04","662.08"
"31/01/1961","610.25","650.64","610.25","648.2"
"31/12/1960","594.56","617.78","593.49","615.89"
"30/11/1960","585.24","612.01","585.24","597.22"
"31/10/1960","577.81","596.48","566.05","580.36"
"30/09/1960","626.1","626.1","569.08","580.14"
"31/08/1960","617.85","641.56","608.69","625.99"
"31/07/1960","641.3","646.91","601.68","616.73"
"30/06/1960","624.89","656.42","624.89","640.62"
"31/05/1960","599.61","625.5","599.61","625.5"
"30/04/1960","615.98","630.77","601.7","601.7"
"31/03/1960","626.87","626.87","599.1","616.59"
"29/02/1960","626.2","636.92","611.33","630.12"
"31/01/1960","679.06","685.47","622.62","622.62"
"31/12/1959","664.38","679.36","661.29","679.36"
"30/11/1959","645.46","659.18","634.46","659.18"
"31/10/1959","633.6","646.6","625.59","646.6"
"30/09/1959","655.9","655.9","616.45","631.68"
"31/08/1959","678.1","678.1","646.53","664.41"
"31/07/1959","650.88","674.88","650.88","674.88"
"30/06/1959","643.51","643.6","617.62","643.6"
"31/05/1959","625.06","643.79","615.64","643.79"
"30/04/1959","602.94","629.87","602.94","623.75"
"31/03/1959","605.03","614.69","601.71","601.71"
"28/02/1959","592.23","603.5","574.46","603.5"
"31/01/1959","587.59","597.66","583.15","593.96"
"31/12/1958","560.07","583.65","556.08","583.65"
"30/11/1958","545.16","567.44","540.52","557.46"
"31/10/1958","530.94","546.36","530.94","543.22"
"30/09/1958","511.77","532.09","511.77","532.09"
"31/08/1958","505.43","512.42","502.67","508.63"
"31/07/1958","478.82","504.37","476.89","502.99"
"30/06/1958","466.11","478.97","466.11","478.18"
"31/05/1958","457.01","463.67","455.45","462.7"
"30/04/1958","445.47","455.86","440.09","455.86"
"31/03/1958","443.38","455.92","443.38","446.76"
"28/02/1958","453.98","458.65","436.89","439.92"
"31/01/1958","439.27","451.16","438.68","450.02"
"31/12/1957","446.91","449.55","425.65","435.69"
"30/11/1957","434.71","449.87","427.94","449.87"
"31/10/1957","460.8","465.82","419.79","441.04"
"30/09/1957","486.13","486.13","456.3","456.3"
"31/08/1957","506.21","506.21","470.14","484.35"
"31/07/1957","503.29","520.77","503.29","508.52"
"30/06/1957","503.76","513.19","497.08","503.29"
"31/05/1957","495.76","506.04","494.68","504.93"
"30/04/1957","474.98","494.36","474.98","494.36"
"31/03/1957","468.91","475.01","468.91","474.81"
"28/02/1957","477.22","477.22","454.82","464.62"
"31/01/1957","496.03","499.2","474.59","479.16"
"31/12/1956","480.61","499.47","480.61","499.47"
"30/11/1956","487.62","495.37","466.1","472.78"
"31/10/1956","468.7","490.19","468.7","479.85"
"30/09/1956","507.66","509.82","475.25","475.25"
"31/08/1956","518.69","520.95","495.96","502.04"
"31/07/1956","491.92","517.81","491.92","517.81"
"30/06/1956","480.63","492.78","475.29","492.78"
"31/05/1956","513.96","516.44","468.81","478.05"
"30/04/1956","515.1","521.05","503.02","516.12"
"31/03/1956","486.69","513.03","486.69","511.79"
"29/02/1956","473.28","485.71","465.72","483.65"
"31/01/1956","485.78","485.78","462.35","470.74"
"31/12/1955","481.39","488.4","480.72","488.4"
"30/11/1955","454.89","487.38","454.89","483.26"
"31/10/1955","455.7","461.14","438.59","454.87"
"30/09/1955","469.63","487.45","455.56","466.62"
"31/08/1955","460.25","468.18","448.84","468.18"
"31/07/1955","453.82","468.45","453.82","465.85"
"30/06/1955","424.88","451.38","424.88","451.38"
"31/05/1955","426.3","426.3","414.12","424.86"
"30/04/1955","413.84","430.64","412.97","425.65"
"31/03/1955","413.71","419.68","391.36","409.7"
"28/02/1955","409.7","413.99","405.7","411.87"
"31/01/1955","408.89","408.89","388.2","408.83"
"31/12/1954","384.04","404.39","384.04","404.39"
"30/11/1954","353.96","388.51","353.96","386.77"
"31/10/1954","359.88","364.43","352.14","352.14"
"30/09/1954","338.13","363.32","338.13","360.46"
"31/08/1954","349.57","350.38","335.8","335.8"
"31/07/1954","334.12","347.92","334.12","347.92"
"30/06/1954","328.67","336.9","319.27","333.53"
"31/05/1954","319.35","327.49","317.93","327.49"
"30/04/1954","306.27","319.33","304.26","319.33"
"31/03/1954","296.55","303.51","296.4","303.51"
"28/02/1954","291.84","294.54","289.54","294.54"
"31/01/1954","282.89","292.85","279.87","292.39"
"31/12/1953","281.1","283.54","278.3","280.9"
"30/11/1953","276.72","281.37","273.88","281.37"
"31/10/1953","265.68","276.31","264.26","275.81"
"30/09/1953","262.54","265.48","255.49","264.04"
"31/08/1953","276.13","276.74","261.22","261.22"
"31/07/1953","269.39","275.38","268.06","275.38"
"30/06/1953","268.4","269.84","262.88","268.26"
"31/05/1953","275.66","278.79","271.48","272.28"
"30/04/1953","280.09","280.09","270.73","274.75"
"31/03/1953","284.71","290.64","279.87","279.87"
"28/02/1953","290.03","290.19","281.14","284.27"
"31/01/1953","292.14","293.79","285.24","289.77"
"31/12/1952","283.7","292","281.63","291.9"
"30/11/1952","270.23","283.66","270.23","283.66"
"31/10/1952","270.17","271.4","263.06","269.23"
"30/09/1952","276.4","277.15","268.38","270.61"
"31/08/1952","279.8","280.29","273.17","275.04"
"31/07/1952","275.46","279.56","272.58","279.56"
"30/06/1952","262.31","274.26","262.09","274.26"
"31/05/1952","256.35","264.22","256.35","262.94"
"30/04/1952","267.22","267.22","257.63","257.63"
"31/03/1952","260.27","269.46","260.08","269.46"
"29/02/1952","271.68","272.51","258.49","260.08"
"31/01/1952","269.86","275.4","268.08","270.69"
"31/12/1951","262.29","269.23","262.29","269.23"
"30/11/1951","264.06","264.06","255.95","261.27"
"31/10/1951","272.56","275.87","258.53","262.35"
"30/09/1951","270.63","276.37","270.63","271.16"
"31/08/1951","259.89","270.25","259.89","270.25"
"31/07/1951","243.98","260.7","243.98","257.86"
"30/06/1951","249.33","254.03","242.64","242.64"
"31/05/1951","260.71","263.13","245.27","249.65"
"30/04/1951","246.63","259.13","246.02","259.13"
"31/03/1951","252.8","253.61","243.95","247.94"
"28/02/1951","250.76","255.71","250.76","252.05"
"31/01/1951","239.92","249.58","238.99","248.83"
"31/12/1950","228.89","235.42","222.33","235.41"
"30/11/1950","225.69","235.47","222.52","227.6"
"31/10/1950","228.94","231.81","225.01","225.01"
"30/09/1950","218.42","226.78","218.1","226.36"
"31/08/1950","211.87","221.51","211.26","216.87"
"31/07/1950","208.35","210.85","197.46","209.4"
"30/06/1950","223.23","228.38","206.72","209.11"
"31/05/1950","215.81","223.42","214.87","223.42"
"30/04/1950","206.37","215.31","206.37","214.33"
"31/03/1950","203.62","210.62","202.33","206.05"
"28/02/1950","201.89","205.03","201.69","203.44"
"31/01/1950","198.89","201.98","196.81","201.79"
"31/12/1949","192.71","200.52","192.71","200.13"
"30/11/1949","191.23","193.62","187.27","191.55"
"31/10/1949","181.98","190.36","181.98","189.54"
"30/09/1949","179.52","183.29","178.04","182.51"
"31/08/1949","176.84","182.02","176.84","178.66"
"31/07/1949","168.08","176.46","168.08","175.92"
"30/06/1949","167.98","168.15","161.6","167.42"
"31/05/1949","174.53","176.63","168.36","168.36"
"30/04/1949","176.28","177.16","173.24","174.16"
"31/03/1949","174.18","178.45","173.66","177.1"
"28/02/1949","180.39","180.39","171.1","173.06"
"31/01/1949","175.03","181.54","175.03","179.12"
"31/12/1948","173.22","177.92","173.22","177.3"
"30/11/1948","189.76","189.76","171.2","171.2"
"31/10/1948","179.87","190.19","179.87","188.62"
"30/09/1948","183.6","185.36","175.99","178.3"
"31/08/1948","181.13","183.6","179.27","181.71"
"31/07/1948","189.03","191.62","181.2","181.33"
"30/06/1948","191.18","193.16","187.9","189.46"
"31/05/1948","180.28","191.06","180.28","190.74"
"30/04/1948","177.61","183.78","177.32","180.51"
"31/03/1948","168.14","177.2","165.39","177.2"
"29/02/1948","174.92","174.92","165.65","167.3"
"31/01/1948","181.04","181.04","171.18","175.05"
"31/12/1947","180.61","181.16","175.74","181.16"
"30/11/1947","182.48","183.17","179.4","179.4"
"31/10/1947","178.1","185.29","178.1","181.81"
"30/09/1947","179.81","179.81","174.86","177.49"
"31/08/1947","183.81","183.81","177.57","178.85"
"31/07/1947","180.33","186.85","179.88","183.18"
"30/06/1947","168","177.44","168","177.3"
"31/05/1947","171.91","174.21","163.21","169.25"
"30/04/1947","177.45","177.45","166.69","170.64"
"31/03/1947","179.29","181.88","172.37","177.2"
"28/02/1947","180.88","184.49","177.22","178.9"
"31/01/1947","176.39","180.44","171.95","180.44"
"31/12/1946","167.5","178.32","167.5","177.2"
"30/11/1946","171.76","174.4","163.55","169.8"
"31/10/1946","171.47","175.94","163.12","169.15"
"30/09/1946","178.68","181.18","165.17","172.42"
"31/08/1946","202.26","204.52","189.19","189.19"
"31/07/1946","206.47","207.56","195.22","201.56"
"30/06/1946","211.47","211.47","200.52","205.62"
"31/05/1946","205.67","212.5","200.65","212.28"
"30/04/1946","199.19","208.31","199.19","206.77"
"31/03/1946","189.42","200.56","188.46","199.75"
"28/02/1946","205.79","206.97","186.02","190.09"
"31/01/1946","191.66","205.35","190.9","204.67"
"31/12/1945","192.4","195.82","189.07","192.91"
"30/11/1945","188.84","192.27","186.41","191.46"
"31/10/1945","183.37","187.06","183.06","186.6"
"30/09/1945","173.9","181.71","173.9","181.71"
"31/08/1945","162.72","174.29","161.55","174.29"
"31/07/1945","165.91","167.09","160.91","162.88"
"30/06/1945","168.08","168.92","164.57","165.29"
"31/05/1945","165.09","169.08","163.09","168.3"
"30/04/1945","155.86","165.44","154.99","165.44"
"31/03/1945","160.72","161.52","152.27","154.41"
"28/02/1945","153.79","160.4","153.79","160.4"
"31/01/1945","152.58","155.85","151.35","153.67"
"31/12/1944","147.3","152.53","147.3","152.32"
"30/11/1944","146.73","148.08","145.6","147.33"
"31/10/1944","146.92","148.92","145.83","146.53"
"30/09/1944","147.16","147.16","142.96","146.73"
"31/08/1944","146.39","148.96","144.9","146.99"
"31/07/1944","148.46","150.5","145.58","146.11"
"30/06/1944","142.14","148.63","141.62","148.38"
"31/05/1944","137.06","142.24","137.06","142.24"
"30/04/1944","138.84","139.11","135","136.23"
"31/03/1944","136.44","141","136.44","138.84"
"29/02/1944","137.45","137.45","134.22","136.3"
"31/01/1944","135.92","138.65","135.92","137.4"
"31/12/1943","130.68","136.24","130.68","135.89"
"30/11/1943","138.5","138.5","129.57","129.57"
"31/10/1943","140.33","140.33","136.39","138.27"
"30/09/1943","137.12","141.75","136.91","140.12"
"31/08/1943","134","138.45","134","136.62"
"31/07/1943","143.58","145.82","135.95","135.95"
"30/06/1943","142.43","143.38","138.79","143.38"
"31/05/1943","136.2","142.06","136.2","142.06"
"30/04/1943","136.56","136.93","131.18","135.48"
"31/03/1943","129.44","136.82","128.6","136.57"
"28/02/1943","125.86","130.11","125.07","130.11"
"31/01/1943","119.93","125.58","119.26","125.58"
"31/12/1942","114.61","119.71","114.61","119.4"
"30/11/1942","114.68","117.3","114.1","114.5"
"31/10/1942","109.65","115.29","109.65","114.07"
"30/09/1942","106.28","109.56","106.03","109.11"
"31/08/1942","105.9","107.55","104.8","106.33"
"31/07/1942","102.69","108.91","102.69","105.72"
"30/06/1942","101.37","106.29","101.3","103.34"
"31/05/1942","95.83","101.09","95.83","100.88"
"30/04/1942","99.95","102.5","92.92","95.35"
"31/03/1942","105.75","106.97","99.21","99.53"
"28/02/1942","109.47","110.8","105.1","106.79"
"31/01/1942","112.77","114.22","108.94","109.11"
"31/12/1941","113.59","116.65","106.34","110.96"
"30/11/1941","118.11","119.85","114.23","114.23"
"31/10/1941","126.85","126.85","117.82","117.82"
"30/09/1941","128.31","129.32","125.81","126.82"
"31/08/1941","128.22","128.22","124.9","127.7"
"31/07/1941","122.85","130.06","122.85","128.79"
"30/06/1941","116.18","123.97","116.18","123.14"
"31/05/1941","115.3","117.82","115.3","115.76"
"30/04/1941","123.26","124.65","115.54","115.54"
"31/03/1941","121.86","123.92","120.3","122.72"
"28/02/1941","123.28","124.76","117.66","121.97"
"31/01/1941","130.57","133.59","124.05","124.13"
"31/12/1940","130.93","132.35","128.41","131.13"
"30/11/1940","134.41","138.12","129.78","131"
"31/10/1940","134.33","135.09","130.39","134.61"
"30/09/1940","129.74","135.1","127.74","132.64"
"31/08/1940","126.13","129.42","121.28","129.42"
"31/07/1940","121.12","126.14","120.96","126.14"
"30/06/1940","115.67","123.86","111.84","121.87"
"31/05/1940","147.13","148.17","113.94","116.22"
"30/04/1940","147.72","151.29","146.8","148.43"
"31/03/1940","146.23","148.37","145.59","147.95"
"29/02/1940","145.23","148.94","145","146.54"
"31/01/1940","151.43","152.8","144.65","145.33"
"31/12/1939","146.54","150.24","146.34","150.24"
"30/11/1939","151.6","152.64","145.69","145.69"
"31/10/1939","151.41","155.48","149.6","151.88"
"30/09/1939","135.25","155.92","135.25","152.54"
"31/08/1939","143.36","144.26","131.33","134.41"
"31/07/1939","131.73","144.71","131.73","143.26"
"30/06/1939","136.2","140.14","130.05","130.63"
"31/05/1939","127.83","138.18","127.83","138.18"
"30/04/1939","132.83","132.83","121.44","128.45"
"31/03/1939","147.15","152.28","131.84","131.84"
"28/02/1939","142.43","147.3","142.43","147.3"
"31/01/1939","153.64","154.85","136.42","143.76"
"31/12/1938","148.63","154.76","147.39","154.76"
"30/11/1938","151.39","158.41","146.14","149.82"
"31/10/1938","143.13","154.17","143.13","151.73"
"30/09/1938","138.36","143.08","129.91","141.45"
"31/08/1938","140.37","145.67","136.21","139.27"
"31/07/1938","136.53","144.91","134.56","141.25"
"30/06/1938","110.61","135.87","109.71","133.88"
"31/05/1938","110.09","119.43","107.74","107.74"
"30/04/1938","103.02","121","103.02","111.28"
"31/03/1938","130.47","130.47","98.95","98.95"
"28/02/1938","123.97","132.41","118.49","129.64"
"31/01/1938","120.57","134.35","120.14","121.87"
"31/12/1937","122.11","129.98","118.93","120.85"
"30/11/1937","135.94","135.94","113.64","123.48"
"31/10/1937","153.89","154.08","125.73","138.17"
"30/09/1937","173.08","173.08","147.38","154.57"
"31/08/1937","186.91","190.02","175.91","177.41"
"31/07/1937","170.13","185.61","170.13","185.61"
"30/06/1937","171.59","175.14","165.51","169.32"
"31/05/1937","174.42","176.3","167.46","174.71"
"30/04/1937","185.19","185.19","170.13","174.27"
"31/03/1937","187.68","194.4","179.82","186.41"
"28/02/1937","186.61","190.29","186.01","187.3"
"31/01/1937","178.52","186.9","177.72","185.74"
"31/12/1936","182.05","182.18","175.85","179.9"
"30/11/1936","176.67","184.9","176.67","183.22"
"31/10/1936","168.26","177.63","168.26","177.19"
"30/09/1936","166.35","169.55","165.16","167.82"
"31/08/1936","165.42","169.1","160.8","166.29"
"31/07/1936","158.38","167.01","155.6","164.86"
"30/06/1936","152.84","160.66","149.26","157.69"
"31/05/1936","147.07","152.64","146.41","152.64"
"30/04/1936","158.96","161.99","143.65","145.67"
"31/03/1936","154.08","158.75","150.42","156.34"
"29/02/1936","149.58","154.43","149.58","152.15"
"31/01/1936","144.13","149.49","143.11","149.49"
"31/12/1935","140.72","144.47","138.94","144.13"
"30/11/1935","141.31","148.44","141.07","142.35"
"31/10/1935","131.51","141.47","128.06","139.74"
"30/09/1935","127.27","134.11","127.27","131.92"
"31/08/1935","125.85","128.99","124.93","127.89"
"31/07/1935","118.82","126.56","118.69","126.23"
"30/06/1935","109.74","120.75","109.74","118.21"
"31/05/1935","108.71","116.81","108.71","110.64"
"30/04/1935","101.23","110.47","100.39","109.45"
"31/03/1935","103.27","103.27","96.71","100.81"
"28/02/1935","101.53","107.17","100.23","102.38"
"31/01/1935","104.51","105.88","100.49","101.69"
"31/12/1934","102.93","104.04","99.59","104.04"
"30/11/1934","93.46","103.08","93.46","102.94"
"31/10/1934","90.41","95.6","90.41","93.36"
"30/09/1934","92.64","93.65","86.69","92.63"
"31/08/1934","90.57","95.71","87.47","92.86"
"31/07/1934","94.8","99.02","85.51","88.05"
"30/06/1934","91.79","100.42","91.41","95.72"
"31/05/1934","100.62","100.62","91.81","94"
"30/04/1934","101.96","106.55","100.49","100.49"
"31/03/1934","103.18","105.79","98.76","101.85"
"28/02/1934","108.95","110.74","103.12","103.46"
"31/01/1934","100.36","108.99","96.73","107.22"
"31/12/1933","98.89","102.92","95.28","99.9"
"30/11/1933","89.62","101.28","89.62","98.14"
"31/10/1933","92.99","99.72","83.64","88.16"
"30/09/1933","103.66","105.74","93.18","94.82"
"31/08/1933","92.7","105.07","92.55","102.41"
"31/07/1933","100.92","108.67","88.42","90.77"
"30/06/1933","89.1","98.74","88.87","98.14"
"31/05/1933","77.79","90.02","76.63","88.11"
"30/04/1933","55.66","77.66","55.66","77.66"
"31/03/1933","52.54","62.95","52.54","55.4"
"28/02/1933","59.08","60.09","50.16","51.39"
"31/01/1933","59.29","64.35","59.29","60.9"
"31/12/1932","58.02","61.93","55.83","59.93"
"30/11/1932","60.22","68.04","56.35","56.35"
"31/10/1932","72.09","72.09","58.47","61.9"
"30/09/1932","73.67","79.93","65.06","71.56"
"31/08/1932","54.94","75.61","53.16","73.16"
"31/07/1932","44.39","54.26","41.22","54.26"
"30/06/1932","44.93","50.88","42.84","42.84"
"31/05/1932","55.37","59.01","44.74","44.74"
"30/04/1932","72.18","72.18","55.93","56.11"
"31/03/1932","81.87","88.78","73.28","73.28"
"29/02/1932","79.63","85.98","71.8","81.44"
"31/01/1932","74.62","85.88","71.24","76.19"
"31/12/1931","91.17","91.17","73.79","77.9"
"30/11/1931","104.5","116.79","90.02","93.87"
"31/10/1931","95.66","109.7","86.48","105.43"
"30/09/1931","140.13","140.13","96.61","96.61"
"31/08/1931","136.65","145.8","133.77","139.41"
"31/07/1931","152.66","155.26","135.39","135.39"
"30/06/1931","122.77","156.93","121.7","150.18"
"31/05/1931","145.58","154.41","128.46","128.46"
"30/04/1931","170.82","172.43","143.61","151.19"
"31/03/1931","184.38","187.72","172.36","172.36"
"28/02/1931","168.71","194.36","168.71","189.66"
"31/01/1931","169.84","173.04","161.45","167.55"
"31/12/1930","185.48","186.82","157.51","164.58"
"30/11/1930","184.89","190.3","171.6","183.39"
"31/10/1930","214.14","214.18","183.35","183.35"
"30/09/1930","240.42","245.09","204.9","204.9"
"31/08/1930","233.57","240.42","217.24","240.42"
"31/07/1930","223.03","240.81","218.33","233.99"
"30/06/1930","274.45","274.45","211.84","226.34"
"31/05/1930","274.59","275.07","258.31","275.07"
"30/04/1930","287.11","294.07","276.94","279.23"
"31/03/1930","273.24","286.19","270.25","286.1"
"28/02/1930","268.41","272.27","262.47","271.11"
"31/01/1930","244.2","267.14","244.2","267.14"
"31/12/1929","241.7","263.46","230.89","248.48"
"30/11/1929","257.68","257.68","198.69","238.95"
"31/10/1929","342.57","352.86","230.07","273.51"
"30/09/1929","381.17","381.17","343.45","343.45"
"31/08/1929","350.56","380.33","337.99","380.33"
"31/07/1929","335.22","347.7","335.22","347.7"
"30/06/1929","299.12","333.79","299.12","333.79"
"31/05/1929","320.13","327.08","293.42","297.41"
"30/04/1929","300.4","319.29","299.13","319.29"
"31/03/1929","321.18","321.18","296.51","308.85"
"28/02/1929","319.68","322.06","295.85","317.41"
"31/01/1929","307.01","317.51","296.98","317.51"
"31/12/1928","290.8","300","257.33","300"
"30/11/1928","255.23","295.62","254.16","293.38"
"31/10/1928","240.01","257.13","237.75","252.16"
"30/09/1928","240.38","241.72","236.86","239.43"
"31/08/1928","216.78","240.41","214.08","240.41"
"31/07/1928","208.21","216.62","205.1","216"
"30/06/1928","220.27","220.96","201.96","210.55"
"31/05/1928","213.48","220.88","211.73","219.81"
"30/04/1928","209.33","216.93","207.94","211.63"
"31/03/1928","194.81","214.45","194.53","213.35"
"29/02/1928","197.98","199.35","191.33","194.78"
"31/01/1928","203.35","203.35","194.5","198.59"
"31/12/1927","196.58","202.4","193.58","202.4"
"30/11/1927","181.65","198.21","181.65","198.21"
"31/10/1927","198.36","199.78","179.78","181.73"
"30/09/1927","191.56","198.97","191.26","197.59"
"31/08/1927","184.21","190.63","177.13","189.79"
"31/07/1927","168.06","182.61","168.06","182.61"
"30/06/1927","171.98","171.98","165.73","166.23"
"31/05/1927","164.55","172.96","164.55","172.96"
"30/04/1927","160.71","167.36","160.66","164.21"
"31/03/1927","161.42","161.78","158.41","160.08"
"28/02/1927","156.26","161.96","154.31","161.96"
"31/01/1927","155.16","156.56","152.73","156.41"
"31/12/1926","157.31","161.86","156.65","157.2"
"30/11/1926","150.51","157.37","150.51","156.55"
"31/10/1926","159.69","159.69","145.66","150.38"
"30/09/1926","163.93","166.1","156.26","158.19"
"31/08/1926","161.84","166.64","160.41","162.51"
"31/07/1926","153.01","160.58","153.01","160.47"
"30/06/1926","142.3","154.03","142.3","153.04"
"31/05/1926","143.4","143.43","137.16","143.43"
"30/04/1926","140.35","144.83","136.27","143.71"
"31/03/1926","150.9","153.13","135.2","140.46"
"28/02/1926","156.83","162.31","154.45","154.45"
"31/01/1926","158.54","159.1","153.2","157.44"
"31/12/1925","152.11","157.01","152.11","156.66"
"30/11/1925","157.88","159.39","148.18","151.08"
"31/10/1925","144.77","156.52","144.77","156.52"
"30/09/1925","139.78","147.73","137.22","143.46"
"31/08/1925","134.55","143.18","134.55","141.18"
"31/07/1925","131.76","136.5","131.33","133.81"
"30/06/1925","129.69","131.01","126.75","131.01"
"31/05/1925","121.1","129.95","121.1","129.95"
"30/04/1925","118.07","122.02","117.4","120.01"
"31/03/1925","123.93","125.68","115","116.75"
"28/02/1925","120.46","122.86","117.96","122.71"
"31/01/1925","121.25","123.6","119.46","123.22"
"31/12/1924","110.44","120.51","110.44","120.51"
"30/11/1924","104.17","111.38","103.89","111.38"
"31/10/1924","104.08","104.08","99.18","104.06"
"30/09/1924","104.95","104.95","100.76","103.16"
"31/08/1924","102.12","105.57","101.51","105.16"
"31/07/1924","96.45","102.14","96.38","102.14"
"30/06/1924","90.15","96.37","89.18","96.37"
"31/05/1924","92.12","92.47","88.33","89.9"
"30/04/1924","93.5","94.69","89.18","90.63"
"31/03/1924","97.49","98.86","92.28","93.01"
"29/02/1924","100.7","101.31","96.33","97.22"
"31/01/1924","95.65","100.66","94.88","100.66"
"31/12/1923","93.15","95.61","92.64","95.52"
"30/11/1923","88.41","92.88","88.41","92.34"
"31/10/1923","88.06","90.45","85.76","88.53"
"30/09/1923","93.22","93.61","87.89","87.89"
"31/08/1923","87.96","93.7","87.2","93.46"
"31/07/1923","88.95","91.72","86.91","86.91"
"30/06/1923","95.36","97.24","87.85","87.85"
"31/05/1923","97.4","98.19","92.77","97.53"
"30/04/1923","101.51","102.7","98.38","98.38"
"31/03/1923","104.23","105.38","102.36","102.75"
"28/02/1923","97.71","103.9","97.71","103.9"
"31/01/1923","98.77","99.42","96.96","97.43"
"31/12/1922","95.73","99.22","95.03","98.73"
"30/11/1922","96.23","99.53","92.03","94.65"
"31/10/1922","97.67","103.43","96.11","96.11"
"30/09/1922","101.28","102.05","96.3","96.3"
"31/08/1922","96.25","100.78","96.21","100.78"
"31/07/1922","92.9","97.05","92.9","97.05"
"30/06/1922","96.03","96.36","90.73","92.93"
"31/05/1922","93.35","96.41","91.5","95.63"
"30/04/1922","89.08","93.46","89.08","92.74"
"31/03/1922","85.33","89.05","85.33","89.05"
"28/02/1922","81.68","85.81","81.68","85.46"
"31/01/1922","78.91","82.95","78.59","81.3"
"31/12/1921","78.12","81.5","78.12","81.1"
"30/11/1921","73.44","78.01","73.44","77.3"
"31/10/1921","71.68","73.93","69.46","73.21"
"30/09/1921","66.83","71.92","66.83","71.08"
"31/08/1921","69.68","69.95","63.9","67.11"
"31/07/1921","68.35","69.86","67.25","68.86"
"30/06/1921","73.51","73.51","64.9","68.45"
"31/05/1921","79.65","80.03","73.44","73.44"
"30/04/1921","75.72","78.86","75.06","78.84"
"31/03/1921","74.71","77.78","72.25","75.76"
"28/02/1921","75.48","77.14","74.34","74.98"
"31/01/1921","72.67","76.76","72.67","76.13"
"31/12/1920","76.5","77.63","66.75","71.95"
"30/11/1920","85.48","85.48","73.12","76.04"
"31/10/1920","84","85.73","84","84.95"
"30/09/1920","86.34","89.95","82.95","82.95"
"31/08/1920","84.95","87.29","83.2","86.16"
"31/07/1920","91.26","94.51","86.85","86.85"
"30/06/1920","90.2","93.2","90.16","90.76"
"31/05/1920","94.03","94.75","87.36","92.06"
"30/04/1920","102.66","105.65","93.16","93.54"
"31/03/1920","92.4","104.17","91.68","102.81"
"29/02/1920","103.01","103.01","89.98","91.31"
"31/01/1920","108.76","109.88","101.9","103.82"
"31/12/1919","104.03","107.97","103.55","107.23"
"30/11/1919","118.63","119.62","103.6","103.6"
"31/10/1919","111.12","118.92","108.9","118.92"
"30/09/1919","106.26","111.42","104.99","111.42"
"31/08/1919","107.99","107.99","98.46","104.75"
"31/07/1919","108.13","112.23","107.16","107.16"
"30/06/1919","106.92","107.55","99.56","106.98"
"31/05/1919","93.26","105.5","93.26","105.5"
"30/04/1919","88.84","93.51","88.84","92.88"
"31/03/1919","84.04","89.05","84.04","88.85"
"28/02/1919","80.55","85.68","79.15","84.81"
"31/01/1919","82.6","83.35","79.88","80.61"
"31/12/1918","81.13","84.5","80.44","82.2"
"30/11/1918","85.53","88.06","79.87","81.13"
"31/10/1918","83.95","89.07","83.36","85.51"
"30/09/1918","83.84","84.68","80.29","84.68"
"31/08/1918","80.71","83.18","80.71","82.84"
"31/07/1918","81.81","83.2","80.51","81.23"
"30/06/1918","77.93","83.02","77.93","82.68"
"31/05/1918","78.16","84.04","78.08","78.08"
"30/04/1918","77.16","79.73","75.58","77.51"
"31/03/1918","79.93","79.93","76.24","76.72"
"28/02/1918","79.28","82.08","77.78","80.39"
"31/01/1918","76.68","79.8","73.38","79.8"
"31/12/1917","72.86","74.38","65.95","74.38"
"30/11/1917","71.41","74.23","68.58","72.65"
"31/10/1917","83.58","83.58","74.5","74.5"
"30/09/1917","81.2","86.02","81.2","83.81"
"31/08/1917","92.26","93.85","83.4","83.4"
"31/07/1917","95.23","95.31","90.48","91.75"
"30/06/1917","97.89","99.08","94.78","95.87"
"31/05/1917","93.42","97.58","89.08","97.38"
"30/04/1917","97.06","97.06","90.66","93.23"
"31/03/1917","91.1","98.2","91.1","95.41"
"28/02/1917","88.52","94.91","87.01","91.56"
"31/01/1917","96.15","99.18","95.13","95.43"
"31/12/1916","106.17","106.81","90.16","95"
"30/11/1916","105.9","110.15","105.63","105.97"
"31/10/1916","103.01","105.28","98.94","104.61"
"30/09/1916","91.19","103.73","91.19","102.9"
"31/08/1916","89.05","93.83","88.15","92.25"
"31/07/1916","88.93","90.53","86.4","89.25"
"30/06/1916","91.87","93.61","87.68","89.58"
"31/05/1916","90.3","92.62","87.71","91.8"
"30/04/1916","93.69","94.46","84.96","89.78"
"31/03/1916","90.69","96.08","90.52","93.25"
"29/02/1916","91.93","96.15","90.89","91.03"
"31/01/1916","98.81","98.81","90.58","90.58"
"31/12/1915","95.9","99.21","94.78","99.15"
"30/11/1915","95.16","97.56","91.08","96.71"
"31/10/1915","90.88","96.46","88.23","96.02"
"30/09/1915","81.79","90.58","80.4","90.58"
"31/08/1915","76.46","81.95","76.46","81.2"
"31/07/1915","69.85","75.79","67.88","75.34"
"30/06/1915","64.86","71.9","64.86","70.06"
"31/05/1915","71.51","71.51","60.38","64.67"
"30/04/1915","61.05","71.78","61.05","71.78"
"31/03/1915","55.29","61.3","55.29","60.83"
"28/02/1915","55.59","57.83","54.22","55.18"
"31/01/1915","54.63","58.52","54.63","57.16"
"31/12/1914","54.62","56.76","53.17","54.58"
"31/07/1914","80.33","81.79","71.42","71.42"
"30/06/1914","80.98","81.84","79.3","80.66"
"31/05/1914","80.11","81.66","79.16","81.57"
"30/04/1914","82.46","82.47","76.97","79.12"
"31/03/1914","81.66","83.43","81.12","82.39"
"28/02/1914","82.55","83.19","81.31","82.26"
"31/01/1914","78.59","82.88","78.43","82.85"
"31/12/1913","75.77","78.85","75.27","78.78"
"30/11/1913","78.42","78.42","75.94","75.94"
"31/10/1913","80.79","81.43","77.09","78.3"
"30/09/1913","80.94","83.43","80.27","80.37"
"31/08/1913","78.21","81.81","78.21","81.81"
"31/07/1913","75.43","79.06","75.23","78.48"
"30/06/1913","77.27","77.27","72.11","74.89"
"31/05/1913","79.62","79.95","78.38","78.38"
"30/04/1913","81.92","83.19","78.39","78.54"
"31/03/1913","80.62","81.69","78.25","80.92"
"28/02/1913","83.64","83.64","78.72","80.32"
"31/01/1913","88.42","88.57","81.55","83.72"
"31/12/1912","90.85","90.85","85.25","87.87"
"30/11/1912","90.51","91.94","89.58","91.4"
"31/10/1912","93.9","94.12","90.35","90.71"
"30/09/1912","90.62","94.15","90.38","94.15"
"31/08/1912","90.47","92.06","89.84","91.57"
"31/07/1912","91.35","91.69","87.97","89.71"
"30/06/1912","88.32","91.09","88.32","90.92"
"31/05/1912","90.33","90.48","87.59","88.01"
"30/04/1912","89.05","90.93","88.72","90.3"
"31/03/1912","82.07","88.62","81.96","88.27"
"29/02/1912","80.5","81.57","80.15","81.4"
"31/01/1912","82.36","82.36","80.19","80.19"
"31/12/1911","80.31","82.48","79.19","81.68"
"30/11/1911","77.69","81.86","77.69","80.97"
"31/10/1911","76.75","78.66","74.82","75.79"
"30/09/1911","79.17","80.28","72.94","76.31"
"31/08/1911","85.47","85.47","78.93","79.25"
"31/07/1911","85.93","86.47","85.28","86.02"
"30/06/1911","85.79","87.06","85.79","85.98"
"31/05/1911","84.14","86.4","82.6","85.55"
"30/04/1911","83.4","83.65","81.32","83.65"
"31/03/1911","84.53","84.53","81.8","83.27"
"28/02/1911","85.33","86.02","84.33","85.02"
"31/01/1911","82.11","84.93","81.7","84.93"
"31/12/1910","81.43","82.16","79.68","81.36"
"30/11/1910","85.1","85.85","82.52","82.52"
"31/10/1910","79.95","86.02","79.95","84.77"
"30/09/1910","78.58","79.72","78.35","79.72"
"31/08/1910","76.14","81.41","76.14","79.68"
"31/07/1910","81.64","81.64","73.62","76.48"
"30/06/1910","85.69","86.28","81.18","81.18"
"31/05/1910","85.51","89.66","84.72","86.32"
"30/04/1910","89.71","92.62","86.2","86.2"
"31/03/1910","91.77","94.56","89.47","89.71"
"28/02/1910","91.33","91.34","85.03","91.34"
"31/01/1910","98.34","98.34","90.66","91.91"
"31/12/1909","96.88","99.28","96.66","99.05"
"30/11/1909","99.44","100.53","95.89","96.02"
"31/10/1909","100.36","100.5","95.7","99.07"
"30/09/1909","97.5","100.12","95.86","99.55"
"31/08/1909","97.52","99.26","96.3","97.9"
"31/07/1909","92.95","96.79","92.82","96.79"
"30/06/1909","92.38","94.46","89.66","92.28"
"31/05/1909","88.32","92.18","88.32","92.18"
"30/04/1909","85.37","88.29","85.37","88.29"
"31/03/1909","82.72","86.12","81.64","86.12"
"28/02/1909","84.44","86.72","79.91","81.85"
"31/01/1909","86.27","86.95","84.09","84.09"
"31/12/1908","87.63","87.67","83.46","86.15"
"30/11/1908","82.9","88.38","82.9","87.3"
"31/10/1908","79.5","83.55","79.5","82.53"
"30/09/1908","84.55","84.55","77.07","79.93"
"31/08/1908","80.57","85.4","80.57","84.66"
"31/07/1908","72.76","80.34","72.76","80.34"
"30/06/1908","74.38","74.38","71.7","72.59"
"31/05/1908","69.92","75.12","69.78","72.76"
"30/04/1908","67.84","70.29","67.04","69.55"
"31/03/1908","61.09","69.92","60.97","67.51"
"29/02/1908","61.83","62.14","58.62","60.54"
"31/01/1908","59.61","65.84","59.61","62.7"
"31/12/1907","60.14","61.77","56.85","58.75"
"30/11/1907","57.56","58.48","53","58.41"
"31/10/1907","67.95","67.95","57.23","57.7"
"30/09/1907","73.51","73.89","67.16","67.72"
"31/08/1907","78.36","78.87","69.25","72.28"
"31/07/1907","81.27","82.52","78.87","78.87"
"30/06/1907","77.93","80.36","77.4","80.36"
"31/05/1907","83.87","85.02","77.3","78.1"
"30/04/1907","82.3","84.8","81.4","84.3"
"31/03/1907","90.12","90.12","75.39","80.15"
"28/02/1907","90.59","93.39","89.75","90.54"
"31/01/1907","94.25","96.37","90.77","91.7"
"31/12/1906","95.16","95.89","92.94","94.35"
"30/11/1906","93.8","95.33","92.38","95.12"
"31/10/1906","95.77","96.75","92.76","92.91"
"30/09/1906","94.42","96.07","93.31","94.84"
"31/08/1906","93.72","96.08","91.67","94.01"
"31/07/1906","86.12","92.41","85.18","92.41"
"30/06/1906","94.01","95.21","87.01","87.01"
"31/05/1906","88.03","93.77","86.45","93.75"
"30/04/1906","97.84","98.19","88.7","90.53"
"31/03/1906","93.83","96.96","92.9","96.95"
"28/02/1906","101.55","101.71","93.94","93.94"
"31/01/1906","95","103","94.44","100.69"
"31/12/1905","89.62","96.56","89.5","96.2"
"30/11/1905","84.14","89.89","80.83","89.89"
"31/10/1905","82.17","83.77","80.83","83.77"
"30/09/1905","79.66","81.91","78.6","81.9"
"31/08/1905","81.35","82.82","80.63","80.63"
"31/07/1905","77.48","81.7","77.48","81.7"
"30/06/1905","73.17","77.78","72.53","76.87"
"31/05/1905","76.9","78.05","71.37","74.32"
"30/04/1905","80.67","83.75","76.08","76.08"
"31/03/1905","76.06","80.02","75.92","80.02"
"28/02/1905","70.91","76.16","70.91","75.15"
"31/01/1905","70.39","71.33","68.76","71.33"
"31/12/1904","72.05","73.23","65.77","69.61"
"30/11/1904","63.72","72.36","63.72","72.02"
"31/10/1904","58.05","64.54","57.59","63.03"
"30/09/1904","54.94","57.59","54.94","57.59"
"31/08/1904","52.73","54.61","52.68","54.57"
"31/07/1904","49.31","53.14","49.31","52.13"
"30/06/1904","48.26","49.47","48.08","49.25"
"31/05/1904","48.42","48.71","47.43","48.18"
"30/04/1904","49.08","49.98","48.62","48.8"
"31/03/1904","47.86","49.12","46.41","49.12"
"29/02/1904","49.03","49.03","46.71","47.53"
"31/01/1904","47.38","50.5","47.07","48.91"
"31/12/1903","44.35","49.35","44.35","49.11"
"30/11/1903","45.46","45.46","42.15","44.33"
"31/10/1903","47.06","47.62","42.25","45.13"
"30/09/1903","52.75","52.75","45.09","45.8"
"31/08/1903","50.75","53.88","47.38","53.19"
"31/07/1903","58.81","58.81","49.08","50.76"
"30/06/1903","59.59","59.9","56.65","59.08"
"31/05/1903","63.84","64.06","60.27","60.27"
"30/04/1903","63.47","64.56","60.79","63.78"
"31/03/1903","66.01","66.01","62.86","63.64"
"28/02/1903","65.53","67.7","65.53","66.19"
"31/01/1903","64.6","66.33","64.19","65.18"
"31/12/1902","62.53","64.29","59.57","64.29"
"30/11/1902","65.8","65.8","60.62","62.05"
"31/10/1902","66.45","66.58","63.84","66.05"
"30/09/1902","66.55","67.77","64.07","66.15"
"31/08/1902","65.91","66.78","65.33","66.28"
"31/07/1902","64.25","67.28","64.25","65.82"
"30/06/1902","66.26","66.26","63.67","64.31"
"31/05/1902","67.11","67.11","64.73","66.42"
"30/04/1902","67.2","68.44","65.95","67.01"
"31/03/1902","65.13","67.52","64.77","67.19"
"28/02/1902","65.04","65.53","64.58","64.81"
"31/01/1902","64.32","65.17","62.57","64.95"
"31/12/1901","64.02","64.87","61.52","64.56"
"30/11/1901","64.67","66.52","64.48","65.01"
"31/10/1901","66.07","66.07","63.48","64.45"
"30/09/1901","72.65","73.27","66.22","66.66"
"31/08/1901","71.71","73.83","69.05","73.47"
"31/07/1901","77.08","77.08","69.46","71.63"
"30/06/1901","76.59","78.26","76.07","77.94"
"31/05/1901","75.93","75.93","67.38","75.77"
"30/04/1901","70.91","75.89","70.91","75.8"
"31/03/1901","67.76","69.92","67.18","69.92"
"28/02/1901","67.71","70.78","67","67"
"31/01/1901","70.44","70.44","64.77","66.81"
"31/12/1900","66.35","71.04","63.98","70.71"
"30/11/1900","59.18","69.07","59.18","66.59"
"31/10/1900","54.96","60.79","54.52","59.04"
"30/09/1900","58.55","58.58","52.96","54.27"
"31/08/1900","57.06","58.9","57.06","57.81"
"31/07/1900","55.48","59.02","55.48","56.8"
"30/06/1900","59.38","59.38","53.68","54.93"
"31/05/1900","61.32","61.36","56.62","59.1"
"30/04/1900","65.55","66.15","60.47","61.33"
"31/03/1900","63.59","66.02","61.11","66.02"
"28/02/1900","67.34","68.36","63.35","63.96"
"31/01/1900","68.13","68.13","63.27","66.13"
"31/12/1899","75.47","75.68","58.27","66.08"
"30/11/1899","75.17","75.93","73.06","75.55"
"31/10/1899","70.95","74.97","70.95","74.97"
"30/09/1899","75.57","77.61","72.39","72.87"
"31/08/1899","73.89","76.23","73.68","75.66"
"31/07/1899","70.67","73.73","70.55","73.73"
"30/06/1899","68.4","73.08","68.4","70.38"
"31/05/1899","74.59","76.04","67.51","67.51"
"30/04/1899","75.15","77.28","72.6","76.71"
"31/03/1899","66.64","74.7","65.9","74.33"
"28/02/1899","64.44","67.52","61.95","66.78"
"31/01/1899","60.41","65.02","60.41","64.35"
"31/12/1898","58.16","60.52","58.14","60.52"
"30/11/1898","54.94","57.2","54.51","57.2"
"31/10/1898","52.52","55.43","51.56","55.43"
"30/09/1898","60.5","60.5","53.44","53.44"
"31/08/1898","54.6","60.97","54.6","60.35"
"31/07/1898","53","54.2","52.27","54.2"
"30/06/1898","52.87","53.71","50.87","52.62"
"31/05/1898","48.6","52.74","48.3","52.74"
"30/04/1898","44.14","46.32","43.27","46"
"31/03/1898","47.47","47.47","42","45.42"
"28/02/1898","49.76","50.23","44.67","46.17"
"31/01/1898","49.31","50.67","48","50.01"
"31/12/1897","48.41","49.81","48.14","49.41"
"30/11/1897","49.11","49.11","45.65","47.46"
"31/10/1897","51.54","52.66","48.42","49.03"
"30/09/1897","55.44","55.82","50.98","50.98"
"31/08/1897","48.84","54.81","48.84","54.81"
"31/07/1897","44.21","47.95","43.6","47.88"
"30/06/1897","40.01","44.61","40.01","44.1"
"31/05/1897","38.73","39.95","38.67","39.91"
"30/04/1897","39.77","40.43","38.49","38.96"
"31/03/1897","41.69","42.29","39.13","39.47"
"28/02/1897","42.38","42.38","39.72","41.71"
"31/01/1897","40.74","43.25","40.37","42.56"
"31/12/1896","41.98","42.22","38.59","40.45"
"30/11/1896","40.93","44.9","40.93","41"
"31/10/1896","36.01","39.53","34.74","39.53"
"30/09/1896","32.02","36.75","32.02","36.05"
"31/08/1896","31.74","31.97","28.48","31.97"
"31/07/1896","34.59","35.6","30.5","32.02"
"30/06/1896","40.6","40.6","35.53","36.15"
"31/05/1896","40.94","40.94","40.2","40.63"
